{
  "games": 100,
  "playerWins": 0,
  "texWins": 100,
  "draws": 0,
  "avgDays": 39,
  "avgPriceMin": 0.9975000000000014,
  "avgPriceMax": 1.028718882714301,
  "archetypes": {
    "mixed": 100
  },
  "outOfSpec": 0
}